Workbook

Sheet Dashboard
A1: Dashboard de Triagem Example Organization 2026 | AA1: Região (apoio heatmap) | AB1: Qtd
J2: Status dos candidatos | R2: Distribuição por turma | AA2: AC | AB2: =COUNTIFS(Candidatos!B2:B1001,"?*",Candidatos!F2:F1001,AA2)
A3: Indicador | B3: Valor | C3: Indicador | D3: Valor | E3: Indicador | F3: Valor | G3: Indicador | H3: Valor | J3: Categoria | K3: Qtd | L3: Barra | R3: Turma | S3: Qtd | T3: Barra | AA3: AL | AB3: =COUNTIFS(Candidatos!B2:B1001,"?*",Candidatos!F2:F1001,AA3)
A4: Total de inscritos | B4: =COUNTIF(Candidatos!B2:B1001,"?*") | C4: Sem equipe | D4: =COUNTIFS(Candidatos!B2:B1001,"?*",Candidatos!J2:J1001,"") | E4: Sem agendamento | F4: =COUNTIFS(Candidatos!B2:B1001,"?*",Candidatos!K2:K1001,"") | G4: Sem status | H4: =COUNTIFS(Candidatos!B2:B1001,"?*",Candidatos!L2:L1001,"") | J4: =A9 | K4: =B9 | L4: =REPT("█",ROUND(IF(MAX($B$9:$B$14)=0,0,$K4/MAX($B$9:$B$14)*20),0)) | R4: =G9 | S4: =H9 | T4: =REPT("█",ROUND(IF(MAX($H$9:$H$11)=0,0,$S4/MAX($H$9:$H$11)*20),0)) | AA4: AP | AB4: =COUNTIFS(Candidatos!B2:B1001,"?*",Candidatos!F2:F1001,AA4)
A5: Aprovados | B5: =COUNTIFS(Candidatos!B2:B1001,"?*",Candidatos!L2:L1001,"Aprovado") | C5: Pré-aprovados | D5: =COUNTIFS(Candidatos!B2:B1001,"?*",Candidatos!L2:L1001,"Pré-aprovado") | E5: Em análise | F5: =COUNTIFS(Candidatos!B2:B1001,"?*",Candidatos!L2:L1001,"Em análise") | G5: Negados | H5: =COUNTIFS(Candidatos!B2:B1001,"?*",Candidatos!L2:L1001,"Negado") | J5: =A10 | K5: =B10 | L5: =REPT("█",ROUND(IF(MAX($B$9:$B$14)=0,0,$K5/MAX($B$9:$B$14)*20),0)) | R5: =G10 | S5: =H10 | T5: =REPT("█",ROUND(IF(MAX($H$9:$H$11)=0,0,$S5/MAX($H$9:$H$11)*20),0)) | AA5: AM | AB5: =COUNTIFS(Candidatos!B2:B1001,"?*",Candidatos!F2:F1001,AA5)
A6: Desistências | B6: =COUNTIFS(Candidatos!B2:B1001,"?*",Candidatos!L2:L1001,"Desistência") | C6: Taxa de aprovação | D6: =IFERROR(B5/B4,0) | E6: Pendências | F6: =COUNTIF(Candidatos!O2:O1001,"?*") | G6: Último ID | H6: =IFERROR(MAX(Candidatos!A2:A1001),0) | J6: =A11 | K6: =B11 | L6: =REPT("█",ROUND(IF(MAX($B$9:$B$14)=0,0,$K6/MAX($B$9:$B$14)*20),0)) | R6: =G11 | S6: =H11 | T6: =REPT("█",ROUND(IF(MAX($H$9:$H$11)=0,0,$S6/MAX($H$9:$H$11)*20),0)) | AA6: BA | AB6: =COUNTIFS(Candidatos!B2:B1001,"?*",Candidatos!F2:F1001,AA6)
J7: =A12 | K7: =B12 | L7: =REPT("█",ROUND(IF(MAX($B$9:$B$14)=0,0,$K7/MAX($B$9:$B$14)*20),0)) | AA7: CE | AB7: =COUNTIFS(Candidatos!B2:B1001,"?*",Candidatos!F2:F1001,AA7)
A8: Resumo por status | B8: Quantidade | D8: Resumo por equipe | E8: Quantidade | G8: Resumo por turma | H8: Quantidade | J8: =A13 | K8: =B13 | L8: =REPT("█",ROUND(IF(MAX($B$9:$B$14)=0,0,$K8/MAX($B$9:$B$14)*20),0)) | AA8: DF | AB8: =COUNTIFS(Candidatos!B2:B1001,"?*",Candidatos!F2:F1001,AA8)
A9: Aprovado | B9: =COUNTIFS(Candidatos!B2:B1001,"?*",Candidatos!L2:L1001,"Aprovado") | D9: Team A | E9: =COUNTIFS(Candidatos!B2:B1001,"?*",Candidatos!J2:J1001,"Team A") | G9: Online T | H9: =COUNTIFS(Candidatos!B2:B1001,"?*",Candidatos!G2:G1001,"Online T") | J9: =A14 | K9: =B14 | L9: =REPT("█",ROUND(IF(MAX($B$9:$B$14)=0,0,$K9/MAX($B$9:$B$14)*20),0)) | AA9: ES | AB9: =COUNTIFS(Candidatos!B2:B1001,"?*",Candidatos!F2:F1001,AA9)
A10: Pré-aprovado | B10: =COUNTIFS(Candidatos!B2:B1001,"?*",Candidatos!L2:L1001,"Pré-aprovado") | D10: Team B | E10: =COUNTIFS(Candidatos!B2:B1001,"?*",Candidatos!J2:J1001,"Team B") | G10: Online M | H10: =COUNTIFS(Candidatos!B2:B1001,"?*",Candidatos!G2:G1001,"Online M") | AA10: GO | AB10: =COUNTIFS(Candidatos!B2:B1001,"?*",Candidatos!F2:F1001,AA10)
A11: Em análise | B11: =COUNTIFS(Candidatos!B2:B1001,"?*",Candidatos!L2:L1001,"Em análise") | D11: Team C | E11: =COUNTIFS(Candidatos!B2:B1001,"?*",Candidatos!J2:J1001,"Team C") | G11: Presencial | H11: =COUNTIFS(Candidatos!B2:B1001,"?*",Candidatos!G2:G1001,"Presencial") | AA11: MA | AB11: =COUNTIFS(Candidatos!B2:B1001,"?*",Candidatos!F2:F1001,AA11)
A12: Negado | B12: =COUNTIFS(Candidatos!B2:B1001,"?*",Candidatos!L2:L1001,"Negado") | AA12: MT | AB12: =COUNTIFS(Candidatos!B2:B1001,"?*",Candidatos!F2:F1001,AA12)
A13: Desistência | B13: =COUNTIFS(Candidatos!B2:B1001,"?*",Candidatos!L2:L1001,"Desistência") | AA13: MS | AB13: =COUNTIFS(Candidatos!B2:B1001,"?*",Candidatos!F2:F1001,AA13)
A14: Sem status | B14: =COUNTIFS(Candidatos!B2:B1001,"?*",Candidatos!L2:L1001,"") | AA14: MG | AB14: =COUNTIFS(Candidatos!B2:B1001,"?*",Candidatos!F2:F1001,AA14)
AA15: PA | AB15: =COUNTIFS(Candidatos!B2:B1001,"?*",Candidatos!F2:F1001,AA15)
A16: Região | B16: Quantidade | D16: Instruções rápidas | AA16: PB | AB16: =COUNTIFS(Candidatos!B2:B1001,"?*",Candidatos!F2:F1001,AA16)
A17: SP | B17: =COUNTIFS(Candidatos!B2:B1001,"?*",Candidatos!F2:F1001,"SP") | D17: 1. Preencha a aba Database com os inscritos. | AA17: PR | AB17: =COUNTIFS(Candidatos!B2:B1001,"?*",Candidatos!F2:F1001,AA17)
A18: RJ | B18: =COUNTIFS(Candidatos!B2:B1001,"?*",Candidatos!F2:F1001,"RJ") | D18: 2. Faça a triagem na aba Candidatos. | AA18: PE | AB18: =COUNTIFS(Candidatos!B2:B1001,"?*",Candidatos!F2:F1001,AA18)
A19: BA | B19: =COUNTIFS(Candidatos!B2:B1001,"?*",Candidatos!F2:F1001,"BA") | D19: 3. As abas por status e equipe atualizam automaticamente. | AA19: PI | AB19: =COUNTIFS(Candidatos!B2:B1001,"?*",Candidatos!F2:F1001,AA19)
A20: MG | B20: =COUNTIFS(Candidatos!B2:B1001,"?*",Candidatos!F2:F1001,"MG") | D20: 4. Adicione novos motivos na aba legenda quando necessário. | J20: Distribuição por equipe | R20: Regiões monitoradas | AA20: RJ | AB20: =COUNTIFS(Candidatos!B2:B1001,"?*",Candidatos!F2:F1001,AA20)
A21: PE | B21: =COUNTIFS(Candidatos!B2:B1001,"?*",Candidatos!F2:F1001,"PE") | D21: 5. Esta versão foi preparada para Excel e Google Sheets. | J21: Equipe | K21: Qtd | L21: Barra | R21: Região | S21: Qtd | T21: Barra | AA21: RN | AB21: =COUNTIFS(Candidatos!B2:B1001,"?*",Candidatos!F2:F1001,AA21)
A22: PR | B22: =COUNTIFS(Candidatos!B2:B1001,"?*",Candidatos!F2:F1001,"PR") | J22: =D9 | K22: =E9 | L22: =REPT("█",ROUND(IF(MAX($E$9:$E$13)=0,0,$K22/MAX($E$9:$E$13)*20),0)) | R22: =A17 | S22: =B17 | T22: =REPT("█",ROUND(IF(MAX($B$17:$B$25)=0,0,$S22/MAX($B$17:$B$25)*20),0)) | AA22: RS | AB22: =COUNTIFS(Candidatos!B2:B1001,"?*",Candidatos!F2:F1001,AA22)
A23: RS | B23: =COUNTIFS(Candidatos!B2:B1001,"?*",Candidatos!F2:F1001,"RS") | D23: Observação | E23: Os dados são limitados às linhas 2:1001 para manter compatibilidade. | J23: =D10 | K23: =E10 | L23: =REPT("█",ROUND(IF(MAX($E$9:$E$13)=0,0,$K23/MAX($E$9:$E$13)*20),0)) | R23: =A18 | S23: =B18 | T23: =REPT("█",ROUND(IF(MAX($B$17:$B$25)=0,0,$S23/MAX($B$17:$B$25)*20),0)) | AA23: RO | AB23: =COUNTIFS(Candidatos!B2:B1001,"?*",Candidatos!F2:F1001,AA23)
A24: SC | B24: =COUNTIFS(Candidatos!B2:B1001,"?*",Candidatos!F2:F1001,"SC") | D24: Personalização | E24: Você pode pedir novos indicadores específicos depois. | J24: =D11 | K24: =E11 | L24: =REPT("█",ROUND(IF(MAX($E$9:$E$13)=0,0,$K24/MAX($E$9:$E$13)*20),0)) | R24: =A19 | S24: =B19 | T24: =REPT("█",ROUND(IF(MAX($B$17:$B$25)=0,0,$S24/MAX($B$17:$B$25)*20),0)) | AA24: RR | AB24: =COUNTIFS(Candidatos!B2:B1001,"?*",Candidatos!F2:F1001,AA24)
A25: Outras | B25: =COUNTIFS(Candidatos!F2:F1001,"?*",Candidatos!F2:F1001,"<>SP",Candidatos!F2:F1001,"<>RJ",Candidatos!F2:F1001,"<>BA",Candidatos!F2:F1001,"<>MG",Candidatos!F2:F1001,"<>PE",Candidatos!F2:F1001,"<>PR",Candidatos!F2:F1001,"<>RS",Candidatos!F2:F1001,"<>SC") | J25: =D12 | K25: =E12 | L25: =REPT("█",ROUND(IF(MAX($E$9:$E$13)=0,0,$K25/MAX($E$9:$E$13)*20),0)) | R25: =A20 | S25: =B20 | T25: =REPT("█",ROUND(IF(MAX($B$17:$B$25)=0,0,$S25/MAX($B$17:$B$25)*20),0)) | AA25: SC | AB25: =COUNTIFS(Candidatos!B2:B1001,"?*",Candidatos!F2:F1001,AA25)
J26: =D13 | K26: =E13 | L26: =REPT("█",ROUND(IF(MAX($E$9:$E$13)=0,0,$K26/MAX($E$9:$E$13)*20),0)) | R26: =A21 | S26: =B21 | T26: =REPT("█",ROUND(IF(MAX($B$17:$B$25)=0,0,$S26/MAX($B$17:$B$25)*20),0)) | AA26: SP | AB26: =COUNTIFS(Candidatos!B2:B1001,"?*",Candidatos!F2:F1001,AA26)
R27: =A22 | S27: =B22 | T27: =REPT("█",ROUND(IF(MAX($B$17:$B$25)=0,0,$S27/MAX($B$17:$B$25)*20),0)) | AA27: SE | AB27: =COUNTIFS(Candidatos!B2:B1001,"?*",Candidatos!F2:F1001,AA27)
R28: =A23 | S28: =B23 | T28: =REPT("█",ROUND(IF(MAX($B$17:$B$25)=0,0,$S28/MAX($B$17:$B$25)*20),0)) | AA28: TO | AB28: =COUNTIFS(Candidatos!B2:B1001,"?*",Candidatos!F2:F1001,AA28)
R29: =A24 | S29: =B24 | T29: =REPT("█",ROUND(IF(MAX($B$17:$B$25)=0,0,$S29/MAX($B$17:$B$25)*20),0)) | AA29: AD | AB29: =COUNTIFS(Candidatos!B2:B1001,"?*",Candidatos!F2:F1001,AA29)
R30: =A25 | S30: =B25 | T30: =REPT("█",ROUND(IF(MAX($B$17:$B$25)=0,0,$S30/MAX($B$17:$B$25)*20),0)) | AA30: AE | AB30: =COUNTIFS(Candidatos!B2:B1001,"?*",Candidatos!F2:F1001,AA30)
AA31: AF | AB31: =COUNTIFS(Candidatos!B2:B1001,"?*",Candidatos!F2:F1001,AA31)
AA32: AG | AB32: =COUNTIFS(Candidatos!B2:B1001,"?*",Candidatos!F2:F1001,AA32)
AA33: AI | AB33: =COUNTIFS(Candidatos!B2:B1001,"?*",Candidatos!F2:F1001,AA33)
AA34: AO | AB34: =COUNTIFS(Candidatos!B2:B1001,"?*",Candidatos!F2:F1001,AA34)
AA35: AQ | AB35: =COUNTIFS(Candidatos!B2:B1001,"?*",Candidatos!F2:F1001,AA35)
AA36: AR | AB36: =COUNTIFS(Candidatos!B2:B1001,"?*",Candidatos!F2:F1001,AA36)
AA37: AS | AB37: =COUNTIFS(Candidatos!B2:B1001,"?*",Candidatos!F2:F1001,AA37)
J38: Zona de calor por região (país/mundo) | AA38: AT | AB38: =COUNTIFS(Candidatos!B2:B1001,"?*",Candidatos!F2:F1001,AA38)
J39: AC | K39: AL | L39: AP | M39: AM | N39: BA | O39: CE | P39: DF | Q39: ES | R39: GO | S39: MA | T39: MT | U39: MS | V39: MG | W39: PA | X39: PB | Y39: PR | AA39: AU | AB39: =COUNTIFS(Candidatos!B2:B1001,"?*",Candidatos!F2:F1001,AA39)
J40: =COUNTIFS(Candidatos!B2:B1001,"?*",Candidatos!F2:F1001,J39) | K40: =COUNTIFS(Candidatos!B2:B1001,"?*",Candidatos!F2:F1001,K39) | L40: =COUNTIFS(Candidatos!B2:B1001,"?*",Candidatos!F2:F1001,L39) | M40: =COUNTIFS(Candidatos!B2:B1001,"?*",Candidatos!F2:F1001,M39) | N40: =COUNTIFS(Candidatos!B2:B1001,"?*",Candidatos!F2:F1001,N39) | O40: =COUNTIFS(Candidatos!B2:B1001,"?*",Candidatos!F2:F1001,O39) | P40: =COUNTIFS(Candidatos!B2:B1001,"?*",Candidatos!F2:F1001,P39) | Q40: =COUNTIFS(Candidatos!B2:B1001,"?*",Candidatos!F2:F1001,Q39) | R40: =COUNTIFS(Candidatos!B2:B1001,"?*",Candidatos!F2:F1001,R39) | S40: =COUNTIFS(Candidatos!B2:B1001,"?*",Candidatos!F2:F1001,S39) | T40: =COUNTIFS(Candidatos!B2:B1001,"?*",Candidatos!F2:F1001,T39) | U40: =COUNTIFS(Candidatos!B2:B1001,"?*",Candidatos!F2:F1001,U39) | V40: =COUNTIFS(Candidatos!B2:B1001,"?*",Candidatos!F2:F1001,V39) | W40: =COUNTIFS(Candidatos!B2:B1001,"?*",Candidatos!F2:F1001,W39) | X40: =COUNTIFS(Candidatos!B2:B1001,"?*",Candidatos!F2:F1001,X39) | Y40: =COUNTIFS(Candidatos!B2:B1001,"?*",Candidatos!F2:F1001,Y39) | AA40: AW | AB40: =COUNTIFS(Candidatos!B2:B1001,"?*",Candidatos!F2:F1001,AA40)
J41: PE | K41: PI | L41: RJ | M41: RN | N41: RS | O41: RO | P41: RR | Q41: SC | R41: SP | S41: SE | T41: TO | U41: AD | V41: AE | W41: AF | X41: AG | Y41: AI | AA41: AX | AB41: =COUNTIFS(Candidatos!B2:B1001,"?*",Candidatos!F2:F1001,AA41)
J42: =COUNTIFS(Candidatos!B2:B1001,"?*",Candidatos!F2:F1001,J41) | K42: =COUNTIFS(Candidatos!B2:B1001,"?*",Candidatos!F2:F1001,K41) | L42: =COUNTIFS(Candidatos!B2:B1001,"?*",Candidatos!F2:F1001,L41) | M42: =COUNTIFS(Candidatos!B2:B1001,"?*",Candidatos!F2:F1001,M41) | N42: =COUNTIFS(Candidatos!B2:B1001,"?*",Candidatos!F2:F1001,N41) | O42: =COUNTIFS(Candidatos!B2:B1001,"?*",Candidatos!F2:F1001,O41) | P42: =COUNTIFS(Candidatos!B2:B1001,"?*",Candidatos!F2:F1001,P41) | Q42: =COUNTIFS(Candidatos!B2:B1001,"?*",Candidatos!F2:F1001,Q41) | R42: =COUNTIFS(Candidatos!B2:B1001,"?*",Candidatos!F2:F1001,R41) | S42: =COUNTIFS(Candidatos!B2:B1001,"?*",Candidatos!F2:F1001,S41) | T42: =COUNTIFS(Candidatos!B2:B1001,"?*",Candidatos!F2:F1001,T41) | U42: =COUNTIFS(Candidatos!B2:B1001,"?*",Candidatos!F2:F1001,U41) | V42: =COUNTIFS(Candidatos!B2:B1001,"?*",Candidatos!F2:F1001,V41) | W42: =COUNTIFS(Candidatos!B2:B1001,"?*",Candidatos!F2:F1001,W41) | X42: =COUNTIFS(Candidatos!B2:B1001,"?*",Candidatos!F2:F1001,X41) | Y42: =COUNTIFS(Candidatos!B2:B1001,"?*",Candidatos!F2:F1001,Y41) | AA42: AZ | AB42: =COUNTIFS(Candidatos!B2:B1001,"?*",Candidatos!F2:F1001,AA42)
J43: AO | K43: AQ | L43: AR | M43: AS | N43: AT | O43: AU | P43: AW | Q43: AX | R43: AZ | S43: BB | T43: BD | U43: BE | V43: BF | W43: BG | X43: BH | Y43: BI | AA43: BB | AB43: =COUNTIFS(Candidatos!B2:B1001,"?*",Candidatos!F2:F1001,AA43)
J44: =COUNTIFS(Candidatos!B2:B1001,"?*",Candidatos!F2:F1001,J43) | K44: =COUNTIFS(Candidatos!B2:B1001,"?*",Candidatos!F2:F1001,K43) | L44: =COUNTIFS(Candidatos!B2:B1001,"?*",Candidatos!F2:F1001,L43) | M44: =COUNTIFS(Candidatos!B2:B1001,"?*",Candidatos!F2:F1001,M43) | N44: =COUNTIFS(Candidatos!B2:B1001,"?*",Candidatos!F2:F1001,N43) | O44: =COUNTIFS(Candidatos!B2:B1001,"?*",Candidatos!F2:F1001,O43) | P44: =COUNTIFS(Candidatos!B2:B1001,"?*",Candidatos!F2:F1001,P43) | Q44: =COUNTIFS(Candidatos!B2:B1001,"?*",Candidatos!F2:F1001,Q43) | R44: =COUNTIFS(Candidatos!B2:B1001,"?*",Candidatos!F2:F1001,R43) | S44: =COUNTIFS(Candidatos!B2:B1001,"?*",Candidatos!F2:F1001,S43) | T44: =COUNTIFS(Candidatos!B2:B1001,"?*",Candidatos!F2:F1001,T43) | U44: =COUNTIFS(Candidatos!B2:B1001,"?*",Candidatos!F2:F1001,U43) | V44: =COUNTIFS(Candidatos!B2:B1001,"?*",Candidatos!F2:F1001,V43) | W44: =COUNTIFS(Candidatos!B2:B1001,"?*",Candidatos!F2:F1001,W43) | X44: =COUNTIFS(Candidatos!B2:B1001,"?*",Candidatos!F2:F1001,X43) | Y44: =COUNTIFS(Candidatos!B2:B1001,"?*",Candidatos!F2:F1001,Y43) | AA44: BD | AB44: =COUNTIFS(Candidatos!B2:B1001,"?*",Candidatos!F2:F1001,AA44)
J45: BJ | K45: BL | L45: BM | M45: BN | N45: BO | O45: BQ | P45: BR | Q45: BS | R45: BT | S45: BV | T45: BW | U45: BY | V45: BZ | W45: CA | X45: CC | Y45: CD | AA45: BE | AB45: =COUNTIFS(Candidatos!B2:B1001,"?*",Candidatos!F2:F1001,AA45)
J46: =COUNTIFS(Candidatos!B2:B1001,"?*",Candidatos!F2:F1001,J45) | K46: =COUNTIFS(Candidatos!B2:B1001,"?*",Candidatos!F2:F1001,K45) | L46: =COUNTIFS(Candidatos!B2:B1001,"?*",Candidatos!F2:F1001,L45) | M46: =COUNTIFS(Candidatos!B2:B1001,"?*",Candidatos!F2:F1001,M45) | N46: =COUNTIFS(Candidatos!B2:B1001,"?*",Candidatos!F2:F1001,N45) | O46: =COUNTIFS(Candidatos!B2:B1001,"?*",Candidatos!F2:F1001,O45) | P46: =COUNTIFS(Candidatos!B2:B1001,"?*",Candidatos!F2:F1001,P45) | Q46: =COUNTIFS(Candidatos!B2:B1001,"?*",Candidatos!F2:F1001,Q45) | R46: =COUNTIFS(Candidatos!B2:B1001,"?*",Candidatos!F2:F1001,R45) | S46: =COUNTIFS(Candidatos!B2:B1001,"?*",Candidatos!F2:F1001,S45) | T46: =COUNTIFS(Candidatos!B2:B1001,"?*",Candidatos!F2:F1001,T45) | U46: =COUNTIFS(Candidatos!B2:B1001,"?*",Candidatos!F2:F1001,U45) | V46: =COUNTIFS(Candidatos!B2:B1001,"?*",Candidatos!F2:F1001,V45) | W46: =COUNTIFS(Candidatos!B2:B1001,"?*",Candidatos!F2:F1001,W45) | X46: =COUNTIFS(Candidatos!B2:B1001,"?*",Candidatos!F2:F1001,X45) | Y46: =COUNTIFS(Candidatos!B2:B1001,"?*",Candidatos!F2:F1001,Y45) | AA46: BF | AB46: =COUNTIFS(Candidatos!B2:B1001,"?*",Candidatos!F2:F1001,AA46)
J47: CF | K47: CG | L47: CH | M47: CI | N47: CK | O47: CL | P47: CM | Q47: CN | R47: CO | S47: CR | T47: CU | U47: CV | V47: CW | W47: CX | X47: CY | Y47: CZ | AA47: BG | AB47: =COUNTIFS(Candidatos!B2:B1001,"?*",Candidatos!F2:F1001,AA47)
J48: =COUNTIFS(Candidatos!B2:B1001,"?*",Candidatos!F2:F1001,J47) | K48: =COUNTIFS(Candidatos!B2:B1001,"?*",Candidatos!F2:F1001,K47) | L48: =COUNTIFS(Candidatos!B2:B1001,"?*",Candidatos!F2:F1001,L47) | M48: =COUNTIFS(Candidatos!B2:B1001,"?*",Candidatos!F2:F1001,M47) | N48: =COUNTIFS(Candidatos!B2:B1001,"?*",Candidatos!F2:F1001,N47) | O48: =COUNTIFS(Candidatos!B2:B1001,"?*",Candidatos!F2:F1001,O47) | P48: =COUNTIFS(Candidatos!B2:B1001,"?*",Candidatos!F2:F1001,P47) | Q48: =COUNTIFS(Candidatos!B2:B1001,"?*",Candidatos!F2:F1001,Q47) | R48: =COUNTIFS(Candidatos!B2:B1001,"?*",Candidatos!F2:F1001,R47) | S48: =COUNTIFS(Candidatos!B2:B1001,"?*",Candidatos!F2:F1001,S47) | T48: =COUNTIFS(Candidatos!B2:B1001,"?*",Candidatos!F2:F1001,T47) | U48: =COUNTIFS(Candidatos!B2:B1001,"?*",Candidatos!F2:F1001,U47) | V48: =COUNTIFS(Candidatos!B2:B1001,"?*",Candidatos!F2:F1001,V47) | W48: =COUNTIFS(Candidatos!B2:B1001,"?*",Candidatos!F2:F1001,W47) | X48: =COUNTIFS(Candidatos!B2:B1001,"?*",Candidatos!F2:F1001,X47) | Y48: =COUNTIFS(Candidatos!B2:B1001,"?*",Candidatos!F2:F1001,Y47) | AA48: BH | AB48: =COUNTIFS(Candidatos!B2:B1001,"?*",Candidatos!F2:F1001,AA48)
J49: DE | K49: DJ | L49: DK | M49: DM | N49: DO | O49: DZ | P49: EC | Q49: EE | R49: EG | S49: EH | T49: ER | U49: ET | V49: FI | W49: FJ | X49: FK | Y49: FM | AA49: BI | AB49: =COUNTIFS(Candidatos!B2:B1001,"?*",Candidatos!F2:F1001,AA49)
J50: =COUNTIFS(Candidatos!B2:B1001,"?*",Candidatos!F2:F1001,J49) | K50: =COUNTIFS(Candidatos!B2:B1001,"?*",Candidatos!F2:F1001,K49) | L50: =COUNTIFS(Candidatos!B2:B1001,"?*",Candidatos!F2:F1001,L49) | M50: =COUNTIFS(Candidatos!B2:B1001,"?*",Candidatos!F2:F1001,M49) | N50: =COUNTIFS(Candidatos!B2:B1001,"?*",Candidatos!F2:F1001,N49) | O50: =COUNTIFS(Candidatos!B2:B1001,"?*",Candidatos!F2:F1001,O49) | P50: =COUNTIFS(Candidatos!B2:B1001,"?*",Candidatos!F2:F1001,P49) | Q50: =COUNTIFS(Candidatos!B2:B1001,"?*",Candidatos!F2:F1001,Q49) | R50: =COUNTIFS(Candidatos!B2:B1001,"?*",Candidatos!F2:F1001,R49) | S50: =COUNTIFS(Candidatos!B2:B1001,"?*",Candidatos!F2:F1001,S49) | T50: =COUNTIFS(Candidatos!B2:B1001,"?*",Candidatos!F2:F1001,T49) | U50: =COUNTIFS(Candidatos!B2:B1001,"?*",Candidatos!F2:F1001,U49) | V50: =COUNTIFS(Candidatos!B2:B1001,"?*",Candidatos!F2:F1001,V49) | W50: =COUNTIFS(Candidatos!B2:B1001,"?*",Candidatos!F2:F1001,W49) | X50: =COUNTIFS(Candidatos!B2:B1001,"?*",Candidatos!F2:F1001,X49) | Y50: =COUNTIFS(Candidatos!B2:B1001,"?*",Candidatos!F2:F1001,Y49) | AA50: BJ | AB50: =COUNTIFS(Candidatos!B2:B1001,"?*",Candidatos!F2:F1001,AA50)
J51: FO | K51: FR | L51: GA | M51: GB | N51: GD | O51: GE | P51: GF | Q51: GG | R51: GH | S51: GI | T51: GL | U51: GM | V51: GN | W51: GP | X51: GQ | Y51: GR | AA51: BL | AB51: =COUNTIFS(Candidatos!B2:B1001,"?*",Candidatos!F2:F1001,AA51)
J52: =COUNTIFS(Candidatos!B2:B1001,"?*",Candidatos!F2:F1001,J51) | K52: =COUNTIFS(Candidatos!B2:B1001,"?*",Candidatos!F2:F1001,K51) | L52: =COUNTIFS(Candidatos!B2:B1001,"?*",Candidatos!F2:F1001,L51) | M52: =COUNTIFS(Candidatos!B2:B1001,"?*",Candidatos!F2:F1001,M51) | N52: =COUNTIFS(Candidatos!B2:B1001,"?*",Candidatos!F2:F1001,N51) | O52: =COUNTIFS(Candidatos!B2:B1001,"?*",Candidatos!F2:F1001,O51) | P52: =COUNTIFS(Candidatos!B2:B1001,"?*",Candidatos!F2:F1001,P51) | Q52: =COUNTIFS(Candidatos!B2:B1001,"?*",Candidatos!F2:F1001,Q51) | R52: =COUNTIFS(Candidatos!B2:B1001,"?*",Candidatos!F2:F1001,R51) | S52: =COUNTIFS(Candidatos!B2:B1001,"?*",Candidatos!F2:F1001,S51) | T52: =COUNTIFS(Candidatos!B2:B1001,"?*",Candidatos!F2:F1001,T51) | U52: =COUNTIFS(Candidatos!B2:B1001,"?*",Candidatos!F2:F1001,U51) | V52: =COUNTIFS(Candidatos!B2:B1001,"?*",Candidatos!F2:F1001,V51) | W52: =COUNTIFS(Candidatos!B2:B1001,"?*",Candidatos!F2:F1001,W51) | X52: =COUNTIFS(Candidatos!B2:B1001,"?*",Candidatos!F2:F1001,X51) | Y52: =COUNTIFS(Candidatos!B2:B1001,"?*",Candidatos!F2:F1001,Y51) | AA52: BM | AB52: =COUNTIFS(Candidatos!B2:B1001,"?*",Candidatos!F2:F1001,AA52)
J53: GS | K53: GT | L53: GU | M53: GW | N53: GY | O53: HK | P53: HM | Q53: HN | R53: HR | S53: HT | T53: HU | U53: ID | V53: IE | W53: IL | X53: IM | Y53: IN | AA53: BN | AB53: =COUNTIFS(Candidatos!B2:B1001,"?*",Candidatos!F2:F1001,AA53)
J54: =COUNTIFS(Candidatos!B2:B1001,"?*",Candidatos!F2:F1001,J53) | K54: =COUNTIFS(Candidatos!B2:B1001,"?*",Candidatos!F2:F1001,K53) | L54: =COUNTIFS(Candidatos!B2:B1001,"?*",Candidatos!F2:F1001,L53) | M54: =COUNTIFS(Candidatos!B2:B1001,"?*",Candidatos!F2:F1001,M53) | N54: =COUNTIFS(Candidatos!B2:B1001,"?*",Candidatos!F2:F1001,N53) | O54: =COUNTIFS(Candidatos!B2:B1001,"?*",Candidatos!F2:F1001,O53) | P54: =COUNTIFS(Candidatos!B2:B1001,"?*",Candidatos!F2:F1001,P53) | Q54: =COUNTIFS(Candidatos!B2:B1001,"?*",Candidatos!F2:F1001,Q53) | R54: =COUNTIFS(Candidatos!B2:B1001,"?*",Candidatos!F2:F1001,R53) | S54: =COUNTIFS(Candidatos!B2:B1001,"?*",Candidatos!F2:F1001,S53) | T54: =COUNTIFS(Candidatos!B2:B1001,"?*",Candidatos!F2:F1001,T53) | U54: =COUNTIFS(Candidatos!B2:B1001,"?*",Candidatos!F2:F1001,U53) | V54: =COUNTIFS(Candidatos!B2:B1001,"?*",Candidatos!F2:F1001,V53) | W54: =COUNTIFS(Candidatos!B2:B1001,"?*",Candidatos!F2:F1001,W53) | X54: =COUNTIFS(Candidatos!B2:B1001,"?*",Candidatos!F2:F1001,X53) | Y54: =COUNTIFS(Candidatos!B2:B1001,"?*",Candidatos!F2:F1001,Y53) | AA54: BO | AB54: =COUNTIFS(Candidatos!B2:B1001,"?*",Candidatos!F2:F1001,AA54)
J55: IO | K55: IQ | L55: IR | M55: IS | N55: IT | O55: JE | P55: JM | Q55: JO | R55: JP | S55: KE | T55: KG | U55: KH | V55: KI | W55: KM | X55: KN | Y55: KP | AA55: BQ | AB55: =COUNTIFS(Candidatos!B2:B1001,"?*",Candidatos!F2:F1001,AA55)
J56: =COUNTIFS(Candidatos!B2:B1001,"?*",Candidatos!F2:F1001,J55) | K56: =COUNTIFS(Candidatos!B2:B1001,"?*",Candidatos!F2:F1001,K55) | L56: =COUNTIFS(Candidatos!B2:B1001,"?*",Candidatos!F2:F1001,L55) | M56: =COUNTIFS(Candidatos!B2:B1001,"?*",Candidatos!F2:F1001,M55) | N56: =COUNTIFS(Candidatos!B2:B1001,"?*",Candidatos!F2:F1001,N55) | O56: =COUNTIFS(Candidatos!B2:B1001,"?*",Candidatos!F2:F1001,O55) | P56: =COUNTIFS(Candidatos!B2:B1001,"?*",Candidatos!F2:F1001,P55) | Q56: =COUNTIFS(Candidatos!B2:B1001,"?*",Candidatos!F2:F1001,Q55) | R56: =COUNTIFS(Candidatos!B2:B1001,"?*",Candidatos!F2:F1001,R55) | S56: =COUNTIFS(Candidatos!B2:B1001,"?*",Candidatos!F2:F1001,S55) | T56: =COUNTIFS(Candidatos!B2:B1001,"?*",Candidatos!F2:F1001,T55) | U56: =COUNTIFS(Candidatos!B2:B1001,"?*",Candidatos!F2:F1001,U55) | V56: =COUNTIFS(Candidatos!B2:B1001,"?*",Candidatos!F2:F1001,V55) | W56: =COUNTIFS(Candidatos!B2:B1001,"?*",Candidatos!F2:F1001,W55) | X56: =COUNTIFS(Candidatos!B2:B1001,"?*",Candidatos!F2:F1001,X55) | Y56: =COUNTIFS(Candidatos!B2:B1001,"?*",Candidatos!F2:F1001,Y55) | AA56: BR | AB56: =COUNTIFS(Candidatos!B2:B1001,"?*",Candidatos!F2:F1001,AA56)
J57: KR | K57: KW | L57: KY | M57: KZ | N57: LA | O57: LB | P57: LC | Q57: LI | R57: LK | S57: LR | T57: LS | U57: LT | V57: LU | W57: LV | X57: LY | Y57: MC | AA57: BS | AB57: =COUNTIFS(Candidatos!B2:B1001,"?*",Candidatos!F2:F1001,AA57)
J58: =COUNTIFS(Candidatos!B2:B1001,"?*",Candidatos!F2:F1001,J57) | K58: =COUNTIFS(Candidatos!B2:B1001,"?*",Candidatos!F2:F1001,K57) | L58: =COUNTIFS(Candidatos!B2:B1001,"?*",Candidatos!F2:F1001,L57) | M58: =COUNTIFS(Candidatos!B2:B1001,"?*",Candidatos!F2:F1001,M57) | N58: =COUNTIFS(Candidatos!B2:B1001,"?*",Candidatos!F2:F1001,N57) | O58: =COUNTIFS(Candidatos!B2:B1001,"?*",Candidatos!F2:F1001,O57) | P58: =COUNTIFS(Candidatos!B2:B1001,"?*",Candidatos!F2:F1001,P57) | Q58: =COUNTIFS(Candidatos!B2:B1001,"?*",Candidatos!F2:F1001,Q57) | R58: =COUNTIFS(Candidatos!B2:B1001,"?*",Candidatos!F2:F1001,R57) | S58: =COUNTIFS(Candidatos!B2:B1001,"?*",Candidatos!F2:F1001,S57) | T58: =COUNTIFS(Candidatos!B2:B1001,"?*",Candidatos!F2:F1001,T57) | U58: =COUNTIFS(Candidatos!B2:B1001,"?*",Candidatos!F2:F1001,U57) | V58: =COUNTIFS(Candidatos!B2:B1001,"?*",Candidatos!F2:F1001,V57) | W58: =COUNTIFS(Candidatos!B2:B1001,"?*",Candidatos!F2:F1001,W57) | X58: =COUNTIFS(Candidatos!B2:B1001,"?*",Candidatos!F2:F1001,X57) | Y58: =COUNTIFS(Candidatos!B2:B1001,"?*",Candidatos!F2:F1001,Y57) | AA58: BT | AB58: =COUNTIFS(Candidatos!B2:B1001,"?*",Candidatos!F2:F1001,AA58)
J59: MD | K59: ME | L59: MF | M59: MH | N59: MK | O59: ML | P59: MM | Q59: MN | R59: MO | S59: MP | T59: MQ | U59: MR | V59: MU | W59: MV | X59: MW | Y59: MX | AA59: BV | AB59: =COUNTIFS(Candidatos!B2:B1001,"?*",Candidatos!F2:F1001,AA59)
J60: =COUNTIFS(Candidatos!B2:B1001,"?*",Candidatos!F2:F1001,J59) | K60: =COUNTIFS(Candidatos!B2:B1001,"?*",Candidatos!F2:F1001,K59) | L60: =COUNTIFS(Candidatos!B2:B1001,"?*",Candidatos!F2:F1001,L59) | M60: =COUNTIFS(Candidatos!B2:B1001,"?*",Candidatos!F2:F1001,M59) | N60: =COUNTIFS(Candidatos!B2:B1001,"?*",Candidatos!F2:F1001,N59) | O60: =COUNTIFS(Candidatos!B2:B1001,"?*",Candidatos!F2:F1001,O59) | P60: =COUNTIFS(Candidatos!B2:B1001,"?*",Candidatos!F2:F1001,P59) | Q60: =COUNTIFS(Candidatos!B2:B1001,"?*",Candidatos!F2:F1001,Q59) | R60: =COUNTIFS(Candidatos!B2:B1001,"?*",Candidatos!F2:F1001,R59) | S60: =COUNTIFS(Candidatos!B2:B1001,"?*",Candidatos!F2:F1001,S59) | T60: =COUNTIFS(Candidatos!B2:B1001,"?*",Candidatos!F2:F1001,T59) | U60: =COUNTIFS(Candidatos!B2:B1001,"?*",Candidatos!F2:F1001,U59) | V60: =COUNTIFS(Candidatos!B2:B1001,"?*",Candidatos!F2:F1001,V59) | W60: =COUNTIFS(Candidatos!B2:B1001,"?*",Candidatos!F2:F1001,W59) | X60: =COUNTIFS(Candidatos!B2:B1001,"?*",Candidatos!F2:F1001,X59) | Y60: =COUNTIFS(Candidatos!B2:B1001,"?*",Candidatos!F2:F1001,Y59) | AA60: BW | AB60: =COUNTIFS(Candidatos!B2:B1001,"?*",Candidatos!F2:F1001,AA60)
J61: MY | K61: MZ | L61: NA | M61: NC | N61: NE | O61: NF | P61: NG | Q61: NI | R61: NL | S61: NO | T61: NP | U61: NR | V61: NU | W61: NZ | X61: OM | Y61: PF | AA61: BY | AB61: =COUNTIFS(Candidatos!B2:B1001,"?*",Candidatos!F2:F1001,AA61)
J62: =COUNTIFS(Candidatos!B2:B1001,"?*",Candidatos!F2:F1001,J61) | K62: =COUNTIFS(Candidatos!B2:B1001,"?*",Candidatos!F2:F1001,K61) | L62: =COUNTIFS(Candidatos!B2:B1001,"?*",Candidatos!F2:F1001,L61) | M62: =COUNTIFS(Candidatos!B2:B1001,"?*",Candidatos!F2:F1001,M61) | N62: =COUNTIFS(Candidatos!B2:B1001,"?*",Candidatos!F2:F1001,N61) | O62: =COUNTIFS(Candidatos!B2:B1001,"?*",Candidatos!F2:F1001,O61) | P62: =COUNTIFS(Candidatos!B2:B1001,"?*",Candidatos!F2:F1001,P61) | Q62: =COUNTIFS(Candidatos!B2:B1001,"?*",Candidatos!F2:F1001,Q61) | R62: =COUNTIFS(Candidatos!B2:B1001,"?*",Candidatos!F2:F1001,R61) | S62: =COUNTIFS(Candidatos!B2:B1001,"?*",Candidatos!F2:F1001,S61) | T62: =COUNTIFS(Candidatos!B2:B1001,"?*",Candidatos!F2:F1001,T61) | U62: =COUNTIFS(Candidatos!B2:B1001,"?*",Candidatos!F2:F1001,U61) | V62: =COUNTIFS(Candidatos!B2:B1001,"?*",Candidatos!F2:F1001,V61) | W62: =COUNTIFS(Candidatos!B2:B1001,"?*",Candidatos!F2:F1001,W61) | X62: =COUNTIFS(Candidatos!B2:B1001,"?*",Candidatos!F2:F1001,X61) | Y62: =COUNTIFS(Candidatos!B2:B1001,"?*",Candidatos!F2:F1001,Y61) | AA62: BZ | AB62: =COUNTIFS(Candidatos!B2:B1001,"?*",Candidatos!F2:F1001,AA62)
J63: PG | K63: PH | L63: PK | M63: PL | N63: PM | O63: PN | P63: PS | Q63: PT | R63: PW | S63: PY | T63: QA | U63: RE | V63: RU | W63: RW | X63: SA | Y63: SB | AA63: CA | AB63: =COUNTIFS(Candidatos!B2:B1001,"?*",Candidatos!F2:F1001,AA63)
J64: =COUNTIFS(Candidatos!B2:B1001,"?*",Candidatos!F2:F1001,J63) | K64: =COUNTIFS(Candidatos!B2:B1001,"?*",Candidatos!F2:F1001,K63) | L64: =COUNTIFS(Candidatos!B2:B1001,"?*",Candidatos!F2:F1001,L63) | M64: =COUNTIFS(Candidatos!B2:B1001,"?*",Candidatos!F2:F1001,M63) | N64: =COUNTIFS(Candidatos!B2:B1001,"?*",Candidatos!F2:F1001,N63) | O64: =COUNTIFS(Candidatos!B2:B1001,"?*",Candidatos!F2:F1001,O63) | P64: =COUNTIFS(Candidatos!B2:B1001,"?*",Candidatos!F2:F1001,P63) | Q64: =COUNTIFS(Candidatos!B2:B1001,"?*",Candidatos!F2:F1001,Q63) | R64: =COUNTIFS(Candidatos!B2:B1001,"?*",Candidatos!F2:F1001,R63) | S64: =COUNTIFS(Candidatos!B2:B1001,"?*",Candidatos!F2:F1001,S63) | T64: =COUNTIFS(Candidatos!B2:B1001,"?*",Candidatos!F2:F1001,T63) | U64: =COUNTIFS(Candidatos!B2:B1001,"?*",Candidatos!F2:F1001,U63) | V64: =COUNTIFS(Candidatos!B2:B1001,"?*",Candidatos!F2:F1001,V63) | W64: =COUNTIFS(Candidatos!B2:B1001,"?*",Candidatos!F2:F1001,W63) | X64: =COUNTIFS(Candidatos!B2:B1001,"?*",Candidatos!F2:F1001,X63) | Y64: =COUNTIFS(Candidatos!B2:B1001,"?*",Candidatos!F2:F1001,Y63) | AA64: CC | AB64: =COUNTIFS(Candidatos!B2:B1001,"?*",Candidatos!F2:F1001,AA64)
J65: SD | K65: SG | L65: SH | M65: SI | N65: SJ | O65: SK | P65: SL | Q65: SM | R65: SN | S65: SO | T65: SR | U65: SS | V65: ST | W65: SV | X65: SX | Y65: SY | AA65: CD | AB65: =COUNTIFS(Candidatos!B2:B1001,"?*",Candidatos!F2:F1001,AA65)
J66: =COUNTIFS(Candidatos!B2:B1001,"?*",Candidatos!F2:F1001,J65) | K66: =COUNTIFS(Candidatos!B2:B1001,"?*",Candidatos!F2:F1001,K65) | L66: =COUNTIFS(Candidatos!B2:B1001,"?*",Candidatos!F2:F1001,L65) | M66: =COUNTIFS(Candidatos!B2:B1001,"?*",Candidatos!F2:F1001,M65) | N66: =COUNTIFS(Candidatos!B2:B1001,"?*",Candidatos!F2:F1001,N65) | O66: =COUNTIFS(Candidatos!B2:B1001,"?*",Candidatos!F2:F1001,O65) | P66: =COUNTIFS(Candidatos!B2:B1001,"?*",Candidatos!F2:F1001,P65) | Q66: =COUNTIFS(Candidatos!B2:B1001,"?*",Candidatos!F2:F1001,Q65) | R66: =COUNTIFS(Candidatos!B2:B1001,"?*",Candidatos!F2:F1001,R65) | S66: =COUNTIFS(Candidatos!B2:B1001,"?*",Candidatos!F2:F1001,S65) | T66: =COUNTIFS(Candidatos!B2:B1001,"?*",Candidatos!F2:F1001,T65) | U66: =COUNTIFS(Candidatos!B2:B1001,"?*",Candidatos!F2:F1001,U65) | V66: =COUNTIFS(Candidatos!B2:B1001,"?*",Candidatos!F2:F1001,V65) | W66: =COUNTIFS(Candidatos!B2:B1001,"?*",Candidatos!F2:F1001,W65) | X66: =COUNTIFS(Candidatos!B2:B1001,"?*",Candidatos!F2:F1001,X65) | Y66: =COUNTIFS(Candidatos!B2:B1001,"?*",Candidatos!F2:F1001,Y65) | AA66: CF | AB66: =COUNTIFS(Candidatos!B2:B1001,"?*",Candidatos!F2:F1001,AA66)
J67: SZ | K67: TC | L67: TD | M67: TF | N67: TG | O67: TH | P67: TJ | Q67: TK | R67: TL | S67: TM | T67: TN | U67: TR | V67: TT | W67: TV | X67: TW | Y67: TZ | AA67: CG | AB67: =COUNTIFS(Candidatos!B2:B1001,"?*",Candidatos!F2:F1001,AA67)
J68: =COUNTIFS(Candidatos!B2:B1001,"?*",Candidatos!F2:F1001,J67) | K68: =COUNTIFS(Candidatos!B2:B1001,"?*",Candidatos!F2:F1001,K67) | L68: =COUNTIFS(Candidatos!B2:B1001,"?*",Candidatos!F2:F1001,L67) | M68: =COUNTIFS(Candidatos!B2:B1001,"?*",Candidatos!F2:F1001,M67) | N68: =COUNTIFS(Candidatos!B2:B1001,"?*",Candidatos!F2:F1001,N67) | O68: =COUNTIFS(Candidatos!B2:B1001,"?*",Candidatos!F2:F1001,O67) | P68: =COUNTIFS(Candidatos!B2:B1001,"?*",Candidatos!F2:F1001,P67) | Q68: =COUNTIFS(Candidatos!B2:B1001,"?*",Candidatos!F2:F1001,Q67) | R68: =COUNTIFS(Candidatos!B2:B1001,"?*",Candidatos!F2:F1001,R67) | S68: =COUNTIFS(Candidatos!B2:B1001,"?*",Candidatos!F2:F1001,S67) | T68: =COUNTIFS(Candidatos!B2:B1001,"?*",Candidatos!F2:F1001,T67) | U68: =COUNTIFS(Candidatos!B2:B1001,"?*",Candidatos!F2:F1001,U67) | V68: =COUNTIFS(Candidatos!B2:B1001,"?*",Candidatos!F2:F1001,V67) | W68: =COUNTIFS(Candidatos!B2:B1001,"?*",Candidatos!F2:F1001,W67) | X68: =COUNTIFS(Candidatos!B2:B1001,"?*",Candidatos!F2:F1001,X67) | Y68: =COUNTIFS(Candidatos!B2:B1001,"?*",Candidatos!F2:F1001,Y67) | AA68: CH | AB68: =COUNTIFS(Candidatos!B2:B1001,"?*",Candidatos!F2:F1001,AA68)
J69: UA | K69: UG | L69: UM | M69: US | N69: UY | O69: UZ | P69: VA | Q69: VC | R69: VE | S69: VG | T69: VI | U69: VN | V69: VU | W69: WF | X69: WS | Y69: YE | AA69: CI | AB69: =COUNTIFS(Candidatos!B2:B1001,"?*",Candidatos!F2:F1001,AA69)
J70: =COUNTIFS(Candidatos!B2:B1001,"?*",Candidatos!F2:F1001,J69) | K70: =COUNTIFS(Candidatos!B2:B1001,"?*",Candidatos!F2:F1001,K69) | L70: =COUNTIFS(Candidatos!B2:B1001,"?*",Candidatos!F2:F1001,L69) | M70: =COUNTIFS(Candidatos!B2:B1001,"?*",Candidatos!F2:F1001,M69) | N70: =COUNTIFS(Candidatos!B2:B1001,"?*",Candidatos!F2:F1001,N69) | O70: =COUNTIFS(Candidatos!B2:B1001,"?*",Candidatos!F2:F1001,O69) | P70: =COUNTIFS(Candidatos!B2:B1001,"?*",Candidatos!F2:F1001,P69) | Q70: =COUNTIFS(Candidatos!B2:B1001,"?*",Candidatos!F2:F1001,Q69) | R70: =COUNTIFS(Candidatos!B2:B1001,"?*",Candidatos!F2:F1001,R69) | S70: =COUNTIFS(Candidatos!B2:B1001,"?*",Candidatos!F2:F1001,S69) | T70: =COUNTIFS(Candidatos!B2:B1001,"?*",Candidatos!F2:F1001,T69) | U70: =COUNTIFS(Candidatos!B2:B1001,"?*",Candidatos!F2:F1001,U69) | V70: =COUNTIFS(Candidatos!B2:B1001,"?*",Candidatos!F2:F1001,V69) | W70: =COUNTIFS(Candidatos!B2:B1001,"?*",Candidatos!F2:F1001,W69) | X70: =COUNTIFS(Candidatos!B2:B1001,"?*",Candidatos!F2:F1001,X69) | Y70: =COUNTIFS(Candidatos!B2:B1001,"?*",Candidatos!F2:F1001,Y69) | AA70: CK | AB70: =COUNTIFS(Candidatos!B2:B1001,"?*",Candidatos!F2:F1001,AA70)
J71: YT | K71: ZA | L71: ZM | AA71: CL | AB71: =COUNTIFS(Candidatos!B2:B1001,"?*",Candidatos!F2:F1001,AA71)
J72: =COUNTIFS(Candidatos!B2:B1001,"?*",Candidatos!F2:F1001,J71) | K72: =COUNTIFS(Candidatos!B2:B1001,"?*",Candidatos!F2:F1001,K71) | L72: =COUNTIFS(Candidatos!B2:B1001,"?*",Candidatos!F2:F1001,L71) | AA72: CM | AB72: =COUNTIFS(Candidatos!B2:B1001,"?*",Candidatos!F2:F1001,AA72)
AA73: CN | AB73: =COUNTIFS(Candidatos!B2:B1001,"?*",Candidatos!F2:F1001,AA73)
AA74: CO | AB74: =COUNTIFS(Candidatos!B2:B1001,"?*",Candidatos!F2:F1001,AA74)
AA75: CR | AB75: =COUNTIFS(Candidatos!B2:B1001,"?*",Candidatos!F2:F1001,AA75)
AA76: CU | AB76: =COUNTIFS(Candidatos!B2:B1001,"?*",Candidatos!F2:F1001,AA76)
AA77: CV | AB77: =COUNTIFS(Candidatos!B2:B1001,"?*",Candidatos!F2:F1001,AA77)
AA78: CW | AB78: =COUNTIFS(Candidatos!B2:B1001,"?*",Candidatos!F2:F1001,AA78)
AA79: CX | AB79: =COUNTIFS(Candidatos!B2:B1001,"?*",Candidatos!F2:F1001,AA79)
AA80: CY | AB80: =COUNTIFS(Candidatos!B2:B1001,"?*",Candidatos!F2:F1001,AA80)
AA81: CZ | AB81: =COUNTIFS(Candidatos!B2:B1001,"?*",Candidatos!F2:F1001,AA81)
AA82: DE | AB82: =COUNTIFS(Candidatos!B2:B1001,"?*",Candidatos!F2:F1001,AA82)
AA83: DJ | AB83: =COUNTIFS(Candidatos!B2:B1001,"?*",Candidatos!F2:F1001,AA83)
AA84: DK | AB84: =COUNTIFS(Candidatos!B2:B1001,"?*",Candidatos!F2:F1001,AA84)
AA85: DM | AB85: =COUNTIFS(Candidatos!B2:B1001,"?*",Candidatos!F2:F1001,AA85)
AA86: DO | AB86: =COUNTIFS(Candidatos!B2:B1001,"?*",Candidatos!F2:F1001,AA86)
AA87: DZ | AB87: =COUNTIFS(Candidatos!B2:B1001,"?*",Candidatos!F2:F1001,AA87)
AA88: EC | AB88: =COUNTIFS(Candidatos!B2:B1001,"?*",Candidatos!F2:F1001,AA88)
AA89: EE | AB89: =COUNTIFS(Candidatos!B2:B1001,"?*",Candidatos!F2:F1001,AA89)
AA90: EG | AB90: =COUNTIFS(Candidatos!B2:B1001,"?*",Candidatos!F2:F1001,AA90)
AA91: EH | AB91: =COUNTIFS(Candidatos!B2:B1001,"?*",Candidatos!F2:F1001,AA91)
AA92: ER | AB92: =COUNTIFS(Candidatos!B2:B1001,"?*",Candidatos!F2:F1001,AA92)
AA93: ET | AB93: =COUNTIFS(Candidatos!B2:B1001,"?*",Candidatos!F2:F1001,AA93)
AA94: FI | AB94: =COUNTIFS(Candidatos!B2:B1001,"?*",Candidatos!F2:F1001,AA94)
AA95: FJ | AB95: =COUNTIFS(Candidatos!B2:B1001,"?*",Candidatos!F2:F1001,AA95)
AA96: FK | AB96: =COUNTIFS(Candidatos!B2:B1001,"?*",Candidatos!F2:F1001,AA96)
AA97: FM | AB97: =COUNTIFS(Candidatos!B2:B1001,"?*",Candidatos!F2:F1001,AA97)
AA98: FO | AB98: =COUNTIFS(Candidatos!B2:B1001,"?*",Candidatos!F2:F1001,AA98)
AA99: FR | AB99: =COUNTIFS(Candidatos!B2:B1001,"?*",Candidatos!F2:F1001,AA99)
AA100: GA | AB100: =COUNTIFS(Candidatos!B2:B1001,"?*",Candidatos!F2:F1001,AA100)
...

Sheet Candidatos
A1: ID | B1: Nome do inscrito(a) | C1: Data de inscrição | D1: E-mail | E1: Contato | F1: Região | G1: Turma | H1: Idade | I1: Renda Familiar | J1: Equipe Example Organization | K1: Agendamento | L1: Status | M1: Motivo | N1: Comentários | O1: Pendências | Q1: Orientação | R1: Descrição
A2: =IF(Database!B2="","",ROW()-1) | B2: =IF(Database!B2="","",Database!B2) | C2: =IF(Database!B2="","",Database!A2) | D2: =IF(Database!B2="","",Database!D2) | E2: =IF(Database!B2="","",Database!E2) | F2: =IF(Database!B2="","",Database!F2) | G2: =IF(Database!B2="","",Database!G2) | H2: =IF(Database!B2="","",Database!C2) | I2: =IF(Database!B2="","",Database!H2) | Q2: Preenchimento | R2: Edite apenas a Equipe Example Organization na coluna J. A triagem é feita nas abas individuais.
A3: =IF(Database!B3="","",ROW()-1) | B3: =IF(Database!B3="","",Database!B3) | C3: =IF(Database!B3="","",Database!A3) | D3: =IF(Database!B3="","",Database!D3) | E3: =IF(Database!B3="","",Database!E3) | F3: =IF(Database!B3="","",Database!F3) | G3: =IF(Database!B3="","",Database!G3) | H3: =IF(Database!B3="","",Database!C3) | I3: =IF(Database!B3="","",Database!H3) | Q3: Equipe | R3: Ao escolher uma equipe, o candidato aparece na aba da pessoa.
A4: =IF(Database!B4="","",ROW()-1) | B4: =IF(Database!B4="","",Database!B4) | C4: =IF(Database!B4="","",Database!A4) | D4: =IF(Database!B4="","",Database!D4) | E4: =IF(Database!B4="","",Database!E4) | F4: =IF(Database!B4="","",Database!F4) | G4: =IF(Database!B4="","",Database!G4) | H4: =IF(Database!B4="","",Database!C4) | I4: =IF(Database!B4="","",Database!H4) | Q4: Triagem | R4: Agendamento, Status, Motivo e Comentários feitos pela equipe retornam automaticamente.
A5: =IF(Database!B5="","",ROW()-1) | B5: =IF(Database!B5="","",Database!B5) | C5: =IF(Database!B5="","",Database!A5) | D5: =IF(Database!B5="","",Database!D5) | E5: =IF(Database!B5="","",Database!E5) | F5: =IF(Database!B5="","",Database!F5) | G5: =IF(Database!B5="","",Database!G5) | H5: =IF(Database!B5="","",Database!C5) | I5: =IF(Database!B5="","",Database!H5) | Q5: Pendências | R5: A coluna O indica se faltou equipe, agendamento ou status.
A6: =IF(Database!B6="","",ROW()-1) | B6: =IF(Database!B6="","",Database!B6) | C6: =IF(Database!B6="","",Database!A6) | D6: =IF(Database!B6="","",Database!D6) | E6: =IF(Database!B6="","",Database!E6) | F6: =IF(Database!B6="","",Database!F6) | G6: =IF(Database!B6="","",Database!G6) | H6: =IF(Database!B6="","",Database!C6) | I6: =IF(Database!B6="","",Database!H6)
A7: =IF(Database!B7="","",ROW()-1) | B7: =IF(Database!B7="","",Database!B7) | C7: =IF(Database!B7="","",Database!A7) | D7: =IF(Database!B7="","",Database!D7) | E7: =IF(Database!B7="","",Database!E7) | F7: =IF(Database!B7="","",Database!F7) | G7: =IF(Database!B7="","",Database!G7) | H7: =IF(Database!B7="","",Database!C7) | I7: =IF(Database!B7="","",Database!H7)
A8: =IF(Database!B8="","",ROW()-1) | B8: =IF(Database!B8="","",Database!B8) | C8: =IF(Database!B8="","",Database!A8) | D8: =IF(Database!B8="","",Database!D8) | E8: =IF(Database!B8="","",Database!E8) | F8: =IF(Database!B8="","",Database!F8) | G8: =IF(Database!B8="","",Database!G8) | H8: =IF(Database!B8="","",Database!C8) | I8: =IF(Database!B8="","",Database!H8)
A9: =IF(Database!B9="","",ROW()-1) | B9: =IF(Database!B9="","",Database!B9) | C9: =IF(Database!B9="","",Database!A9) | D9: =IF(Database!B9="","",Database!D9) | E9: =IF(Database!B9="","",Database!E9) | F9: =IF(Database!B9="","",Database!F9) | G9: =IF(Database!B9="","",Database!G9) | H9: =IF(Database!B9="","",Database!C9) | I9: =IF(Database!B9="","",Database!H9)
A10: =IF(Database!B10="","",ROW()-1) | B10: =IF(Database!B10="","",Database!B10) | C10: =IF(Database!B10="","",Database!A10) | D10: =IF(Database!B10="","",Database!D10) | E10: =IF(Database!B10="","",Database!E10) | F10: =IF(Database!B10="","",Database!F10) | G10: =IF(Database!B10="","",Database!G10) | H10: =IF(Database!B10="","",Database!C10) | I10: =IF(Database!B10="","",Database!H10)
A11: =IF(Database!B11="","",ROW()-1) | B11: =IF(Database!B11="","",Database!B11) | C11: =IF(Database!B11="","",Database!A11) | D11: =IF(Database!B11="","",Database!D11) | E11: =IF(Database!B11="","",Database!E11) | F11: =IF(Database!B11="","",Database!F11) | G11: =IF(Database!B11="","",Database!G11) | H11: =IF(Database!B11="","",Database!C11) | I11: =IF(Database!B11="","",Database!H11)
A12: =IF(Database!B12="","",ROW()-1) | B12: =IF(Database!B12="","",Database!B12) | C12: =IF(Database!B12="","",Database!A12) | D12: =IF(Database!B12="","",Database!D12) | E12: =IF(Database!B12="","",Database!E12) | F12: =IF(Database!B12="","",Database!F12) | G12: =IF(Database!B12="","",Database!G12) | H12: =IF(Database!B12="","",Database!C12) | I12: =IF(Database!B12="","",Database!H12)
A13: =IF(Database!B13="","",ROW()-1) | B13: =IF(Database!B13="","",Database!B13) | C13: =IF(Database!B13="","",Database!A13) | D13: =IF(Database!B13="","",Database!D13) | E13: =IF(Database!B13="","",Database!E13) | F13: =IF(Database!B13="","",Database!F13) | G13: =IF(Database!B13="","",Database!G13) | H13: =IF(Database!B13="","",Database!C13) | I13: =IF(Database!B13="","",Database!H13)
A14: =IF(Database!B14="","",ROW()-1) | B14: =IF(Database!B14="","",Database!B14) | C14: =IF(Database!B14="","",Database!A14) | D14: =IF(Database!B14="","",Database!D14) | E14: =IF(Database!B14="","",Database!E14) | F14: =IF(Database!B14="","",Database!F14) | G14: =IF(Database!B14="","",Database!G14) | H14: =IF(Database!B14="","",Database!C14) | I14: =IF(Database!B14="","",Database!H14)
A15: =IF(Database!B15="","",ROW()-1) | B15: =IF(Database!B15="","",Database!B15) | C15: =IF(Database!B15="","",Database!A15) | D15: =IF(Database!B15="","",Database!D15) | E15: =IF(Database!B15="","",Database!E15) | F15: =IF(Database!B15="","",Database!F15) | G15: =IF(Database!B15="","",Database!G15) | H15: =IF(Database!B15="","",Database!C15) | I15: =IF(Database!B15="","",Database!H15)
A16: =IF(Database!B16="","",ROW()-1) | B16: =IF(Database!B16="","",Database!B16) | C16: =IF(Database!B16="","",Database!A16) | D16: =IF(Database!B16="","",Database!D16) | E16: =IF(Database!B16="","",Database!E16) | F16: =IF(Database!B16="","",Database!F16) | G16: =IF(Database!B16="","",Database!G16) | H16: =IF(Database!B16="","",Database!C16) | I16: =IF(Database!B16="","",Database!H16)
A17: =IF(Database!B17="","",ROW()-1) | B17: =IF(Database!B17="","",Database!B17) | C17: =IF(Database!B17="","",Database!A17) | D17: =IF(Database!B17="","",Database!D17) | E17: =IF(Database!B17="","",Database!E17) | F17: =IF(Database!B17="","",Database!F17) | G17: =IF(Database!B17="","",Database!G17) | H17: =IF(Database!B17="","",Database!C17) | I17: =IF(Database!B17="","",Database!H17)
... A1001: =IF(Database!B1001="","",ROW()-1) | B1001: =IF(Database!B1001="","",Database!B1001) | C1001: =IF(Database!B1001="","",Database!A1001) | D1001: =IF(Database!B1001="","",Database!D1001) | E1001: =IF(Database!B1001="","",Database!E1001) | F1001: =IF(Database!B1001="","",Database!F1001) | G1001: =IF(Database!B1001="","",Database!G1001) | H1001: =IF(Database!B1001="","",Database!C1001) | I1001: =IF(Database!B1001="","",Database!H1001)

Sheet Aprovados
A1: ID | B1: Nome do inscrito(a) | C1: Data de inscrição | D1: E-mail | E1: Contato | F1: Região | G1: Turma | H1: Idade | I1: Renda Familiar | J1: Equipe Example Organization | K1: Agendamento | L1: Status | M1: Motivo | N1: Comentários | O1: Pendências | Q1: Status filtrado | R1: Observação
A2: =IFERROR(FILTER(Candidatos!A2:O1001,Candidatos!L2:L1001="Aprovado"),"") | Q2: Aprovado | R2: Atualiza automaticamente com base na aba Candidatos.
Q3: Total | R3: =COUNTIFS(Candidatos!B2:B1001,"?*",Candidatos!L2:L1001,"Aprovado")

Sheet Em análise
A1: ID | B1: Nome do inscrito(a) | C1: Data de inscrição | D1: E-mail | E1: Contato | F1: Região | G1: Turma | H1: Idade | I1: Renda Familiar | J1: Equipe Example Organization | K1: Agendamento | L1: Status | M1: Motivo | N1: Comentários | O1: Pendências | Q1: Status filtrado | R1: Observação
A2: =IFERROR(FILTER(Candidatos!A2:O1001,Candidatos!L2:L1001="Em análise"),"") | Q2: Em análise | R2: Atualiza automaticamente com base na aba Candidatos.
Q3: Total | R3: =COUNTIFS(Candidatos!B2:B1001,"?*",Candidatos!L2:L1001,"Em análise")

Sheet Negado
A1: ID | B1: Nome do inscrito(a) | C1: Data de inscrição | D1: E-mail | E1: Contato | F1: Região | G1: Turma | H1: Idade | I1: Renda Familiar | J1: Equipe Example Organization | K1: Agendamento | L1: Status | M1: Motivo | N1: Comentários | O1: Pendências | Q1: Status filtrado | R1: Observação
A2: =IFERROR(FILTER(Candidatos!A2:O1001,Candidatos!L2:L1001="Negado"),"") | Q2: Negado | R2: Atualiza automaticamente com base na aba Candidatos.
Q3: Total | R3: =COUNTIFS(Candidatos!B2:B1001,"?*",Candidatos!L2:L1001,"Negado")

Sheet Pré-aprovado
A1: ID | B1: Nome do inscrito(a) | C1: Data de inscrição | D1: E-mail | E1: Contato | F1: Região | G1: Turma | H1: Idade | I1: Renda Familiar | J1: Equipe Example Organization | K1: Agendamento | L1: Status | M1: Motivo | N1: Comentários | O1: Pendências | Q1: Status filtrado | R1: Observação
A2: =IFERROR(FILTER(Candidatos!A2:O1001,Candidatos!L2:L1001="Pré-aprovado"),"") | Q2: Pré-aprovado | R2: Atualiza automaticamente com base na aba Candidatos.
Q3: Total | R3: =COUNTIFS(Candidatos!B2:B1001,"?*",Candidatos!L2:L1001,"Pré-aprovado")

Sheet Desistência
A1: ID | B1: Nome do inscrito(a) | C1: Data de inscrição | D1: E-mail | E1: Contato | F1: Região | G1: Turma | H1: Idade | I1: Renda Familiar | J1: Equipe Example Organization | K1: Agendamento | L1: Status | M1: Motivo | N1: Comentários | O1: Pendências | Q1: Status filtrado | R1: Observação
A2: =IFERROR(FILTER(Candidatos!A2:O1001,Candidatos!L2:L1001="Desistência"),"") | Q2: Desistência | R2: Atualiza automaticamente com base na aba Candidatos.
Q3: Total | R3: =COUNTIFS(Candidatos!B2:B1001,"?*",Candidatos!L2:L1001,"Desistência")

Sheet Database
A1: Data de inscrição | B1: Nome do inscrito(a) | C1: Idade | D1: E-mail | E1: Celular/WhatsApp | F1: Região | G1: Turma | H1: Renda Familiar | J1: Orientação | K1: Descrição
A2: 46029 | B2: Person 001 | C2: 19 | D2: person001@example.invalid | E2: +55 00 90000-0001 | F2: SP | G2: Online Morning | H2: Up to 1 minimum wage | J2: Preenchimento | K2: Preencha apenas as colunas A:H nesta aba.
A3: 46031 | B3: Person 002 | C3: 22 | D3: person002@example.invalid | E3: +55 00 90000-0002 | F3: RJ | G3: Online Evening | H3: 1 to 2 minimum wages | J3: Padronização | K3: Região, turma e renda possuem listas suspensas.
A4: 46033 | B4: Person 003 | C4: 25 | D4: person003@example.invalid | E4: +55 00 90000-0003 | F4: MG | G4: In Person | H4: 2 to 3 minimum wages | J4: Fluxo | K4: A aba Candidatos puxará os dados automaticamente.
A5: 46035 | B5: Person 004 | C5: 28 | D5: person004@example.invalid | E5: +55 00 90000-0004 | F5: BA | G5: Online Morning | H5: Above 3 minimum wages
A6: 46037 | B6: Person 005 | C6: 31 | D6: person005@example.invalid | E6: +55 00 90000-0005 | F6: PR | G6: Online Evening | H6: Not provided
A7: 46039 | B7: Person 006 | C7: 34 | D7: person006@example.invalid | E7: +55 00 90000-0006 | F7: PE | G7: In Person | H7: Up to 1 minimum wage
A8: 46041 | B8: Person 007 | C8: 37 | D8: person007@example.invalid | E8: +55 00 90000-0007 | F8: SP | G8: Online Morning | H8: 1 to 2 minimum wages
A9: 46043 | B9: Person 008 | C9: 40 | D9: person008@example.invalid | E9: +55 00 90000-0008 | F9: RJ | G9: Online Evening | H9: 2 to 3 minimum wages
A10: 46045 | B10: Person 009 | C10: 43 | D10: person009@example.invalid | E10: +55 00 90000-0009 | F10: MG | G10: In Person | H10: Above 3 minimum wages
A11: 46047 | B11: Person 010 | C11: 46 | D11: person010@example.invalid | E11: +55 00 90000-0010 | F11: BA | G11: Online Morning | H11: Not provided
A12: 46049 | B12: Person 011 | C12: 49 | D12: person011@example.invalid | E12: +55 00 90000-0011 | F12: PR | G12: Online Evening | H12: Up to 1 minimum wage
A13: 46051 | B13: Person 012 | C13: 52 | D13: person012@example.invalid | E13: +55 00 90000-0012 | F13: PE | G13: In Person | H13: 1 to 2 minimum wages
A14: 46053 | B14: Person 013 | C14: 16 | D14: person013@example.invalid | E14: +55 00 90000-0013 | F14: SP | G14: Online Morning | H14: 2 to 3 minimum wages
A15: 46055 | B15: Person 014 | C15: 19 | D15: person014@example.invalid | E15: +55 00 90000-0014 | F15: RJ | G15: Online Evening | H15: Above 3 minimum wages
A16: 46057 | B16: Person 015 | C16: 22 | D16: person015@example.invalid | E16: +55 00 90000-0015 | F16: MG | G16: In Person | H16: Not provided
... A37: 46099 | B37: Person 036 | C37: 46 | D37: person036@example.invalid | E37: +55 00 90000-0036 | F37: PE | G37: In Person | H37: Up to 1 minimum wage

Sheet legenda
A1: Região | B1: Status | C1: Equipe Example Organization | D1: Turma | E1: Faixa etária | F1: Motivo | G1: Renda Familiar | I1: Observações | J1: Descrição
A2: AC | B2: Pré-aprovado | C2: Team A | D2: Online T | E2: Menos de 16 anos | F2: Sem interesse | G2: Até 1 salário mínimo | I2: Região | J2: Use a sigla do estado brasileiro ou a sigla ISO-2 do país.
A3: AL | B3: Em análise | C3: Team B | D3: Online M | E3: Entre 16 a 24 anos | F3: desistencia | G3: De 1 a 2 salários mínimos | I3: Motivo | J3: Lista de opções usada no campo Motivo das abas da equipe.
A4: AP | B4: Negado | C4: Team C | D4: Presencial | E4: Mais de 24 anos | F4: conflito de agenda | G4: De 2 a 3 salários mínimos | I4: Equipe | J4: As abas individuais puxam automaticamente os candidatos atribuídos.
A5: AM | B5: Desistência | F5: trabalho | G5: Acima de 3 salários mínimos | I5: Status | J5: Valores usados no dashboard e nas abas automáticas.
A6: BA | B6: Aprovado | F6: inscrição incorreta | G6: Não informado | I6: Turma | J6: Mantidas conforme a planilha original.
A7: CE | F7: sem requisitos
A8: DF | F8: reserva
A9: ES | F9: sem retorno
A10: GO | F10: bloqueio
A11: MA | F11: sem retorno email
A12: MT | F12: sem acesso zap
A13: MS
A14: MG
A15: PA
A16: PB
A17: PR
A18: PE
A19: PI
A20: RJ
A21: RN
A22: RS
A23: RO
A24: RR
... A278: ZW

Sheet Team A
A1: ID | B1: Nome do inscrito(a) | C1: Data de inscrição | D1: E-mail | E1: Contato | F1: Região | G1: Turma | H1: Idade | I1: Renda Familiar | J1: Equipe Example Organization | K1: Agendamento | L1: Status | M1: Motivo | N1: Comentários | O1: Pendências | Q1: Equipe | R1: Observação
A2: =IFERROR(FILTER(Candidatos!A2:J1001,Candidatos!J2:J1001="Team A"),"") | O2: {=BYROW(HSTACK(B2:B1001,J2:L1001),LAMBDA(r,IF(INDEX(r,1,1)="","",TEXTJOIN(" | ",TRUE,IF(INDEX(r,1,2)="","Sem equipe",""),IF(INDEX(r,1,3)="","Sem agendamento",""),IF(INDEX(r,1,4)="","Sem status","")))))} | Q2: Team A | R2: Dados cadastrais automáticos. Edite Agendamento, Status, Motivo e Comentários nas colunas K:N.
Q3: Total | R3: =COUNTIFS(Candidatos!B2:B1001,"?*",Candidatos!J2:J1001,"Team A")

Sheet Team B
A1: ID | B1: Nome do inscrito(a) | C1: Data de inscrição | D1: E-mail | E1: Contato | F1: Região | G1: Turma | H1: Idade | I1: Renda Familiar | J1: Equipe Example Organization | K1: Agendamento | L1: Status | M1: Motivo | N1: Comentários | O1: Pendências | Q1: Equipe | R1: Observação
A2: =IFERROR(FILTER(Candidatos!A2:J1001,Candidatos!J2:J1001="Team B"),"") | O2: {=BYROW(HSTACK(B2:B1001,J2:L1001),LAMBDA(r,IF(INDEX(r,1,1)="","",TEXTJOIN(" | ",TRUE,IF(INDEX(r,1,2)="","Sem equipe",""),IF(INDEX(r,1,3)="","Sem agendamento",""),IF(INDEX(r,1,4)="","Sem status","")))))} | Q2: Team B | R2: Dados cadastrais automáticos. Edite Agendamento, Status, Motivo e Comentários nas colunas K:N.
Q3: Total | R3: =COUNTIFS(Candidatos!B2:B1001,"?*",Candidatos!J2:J1001,"Team B")

Sheet Team C
A1: ID | B1: Nome do inscrito(a) | C1: Data de inscrição | D1: E-mail | E1: Contato | F1: Região | G1: Turma | H1: Idade | I1: Renda Familiar | J1: Equipe Example Organization | K1: Agendamento | L1: Status | M1: Motivo | N1: Comentários | O1: Pendências | Q1: Equipe | R1: Observação
A2: =IFERROR(FILTER(Candidatos!A2:J1001,Candidatos!J2:J1001="Team C"),"") | O2: {=BYROW(HSTACK(B2:B1001,J2:L1001),LAMBDA(r,IF(INDEX(r,1,1)="","",TEXTJOIN(" | ",TRUE,IF(INDEX(r,1,2)="","Sem equipe",""),IF(INDEX(r,1,3)="","Sem agendamento",""),IF(INDEX(r,1,4)="","Sem status","")))))} | Q2: Team C | R2: Dados cadastrais automáticos. Edite Agendamento, Status, Motivo e Comentários nas colunas K:N.
Q3: Total | R3: =COUNTIFS(Candidatos!B2:B1001,"?*",Candidatos!J2:J1001,"Team C")
